Date	Hr_End	DA_Demand	RT_Demand	DA_LMP	DA_EC	DA_CC	DA_MLC	RT_LMP	RT_EC	RT_CC	RT_MLC	Dry_Bulb	Dew_Point
1-Jan-17	01	1,804.10	1,609.99	35.14	34.86	0.00	0.28	36.77	36.53	0.00	0.24		
1-Jan-17	02	1,873.10	1,549.94	34.03	33.72	0.00	0.31	37.25	37.02	0.00	0.23		
1-Jan-17	03	2,204.20	1,502.46	32.69	32.40	0.00	0.29	36.02	35.79	0.00	0.23		
1-Jan-17	04	2,261.90	1,470.35	26.12	25.88	0.00	0.24	34.29	34.04	0.00	0.25		
1-Jan-17	05	2,197.50	1,463.58	29.90	29.65	0.00	0.25	35.63	35.36	0.00	0.27		
1-Jan-17	06	2,240.30	1,486.21	32.79	32.54	0.00	0.25	34.57	34.31	0.00	0.26		
1-Jan-17	07	2,308.50	1,536.21	32.67	32.45	0.00	0.22	34.72	34.44	0.00	0.28		
1-Jan-17	08	1,996.10	1,574.02	34.12	33.91	0.00	0.21	33.33	33.07	0.00	0.26		
1-Jan-17	09	1,735.70	1,624.93	38.51	38.37	0.00	0.14	24.31	24.16	0.00	0.15		
1-Jan-17	10	1,813.20	1,667.70	40.89	40.75	0.00	0.14	26.15	26.01	0.00	0.14		
1-Jan-17	11	1,834.50	1,690.90	33.63	33.53	0.00	0.10	17.09	17.01	0.00	0.08		
1-Jan-17	12	1,830.90	1,707.14	33.53	33.41	0.00	0.12	24.47	24.36	0.00	0.11		
1-Jan-17	13	1,823.90	1,714.03	33.56	33.42	0.00	0.14	28.27	28.13	0.00	0.14		
1-Jan-17	14	1,800.50	1,705.66	34.24	34.11	0.00	0.13	29.08	28.93	0.00	0.15		
1-Jan-17	15	1,810.60	1,722.13	33.56	33.41	0.00	0.15	21.42	21.30	0.00	0.12		
1-Jan-17	16	1,860.20	1,769.98	33.65	33.56	0.00	0.09	28.77	28.59	0.00	0.18		
1-Jan-17	17	2,027.60	1,929.69	39.56	39.47	0.00	0.09	33.00	32.80	0.00	0.20		
1-Jan-17	18	2,144.00	2,079.44	63.59	63.38	0.00	0.21	42.85	42.63	0.00	0.22		
1-Jan-17	19	2,141.40	2,069.04	53.00	52.93	0.00	0.07	45.04	44.83	0.00	0.21		
1-Jan-17	20	2,103.00	2,029.27	49.98	49.88	0.00	0.10	38.46	38.26	0.00	0.20		
1-Jan-17	21	2,011.60	1,977.45	46.80	46.66	0.00	0.14	37.15	36.93	0.00	0.22		
1-Jan-17	22	1,902.60	1,896.39	46.12	45.87	0.00	0.25	37.59	37.36	0.00	0.23		
1-Jan-17	23	1,776.60	1,786.86	36.24	36.03	0.00	0.21	31.70	31.50	0.00	0.20		
1-Jan-17	24	1,645.70	1,676.83	33.68	33.50	0.00	0.18	-69.94	-69.45	0.00	-0.49		
2-Jan-17	01	1,837.70	1,605.16	34.02	33.73	0.00	0.29	19.46	19.28	0.00	0.18		
2-Jan-17	02	2,024.20	1,553.95	34.02	33.71	0.00	0.31	34.32	34.02	0.00	0.30		
2-Jan-17	03	2,249.80	1,532.63	33.23	32.92	0.00	0.31	29.98	29.72	0.00	0.26		
2-Jan-17	04	2,271.50	1,536.40	33.05	32.76	0.00	0.29	28.28	28.04	0.00	0.24		
2-Jan-17	05	2,015.20	1,565.22	33.02	32.74	0.00	0.28	31.30	31.06	0.00	0.24		
2-Jan-17	06	1,838.60	1,636.59	33.82	33.61	0.00	0.21	34.81	34.57	0.00	0.24		
2-Jan-17	07	1,712.60	1,735.66	33.81	33.65	0.00	0.16	38.67	38.45	0.00	0.22		
2-Jan-17	08	1,813.60	1,816.30	35.03	34.90	0.00	0.13	36.98	36.80	0.00	0.18		
2-Jan-17	09	1,886.50	1,899.12	42.71	42.60	0.00	0.11	39.93	39.75	0.00	0.18		
2-Jan-17	10	1,927.70	1,976.69	51.10	50.98	0.00	0.12	53.28	53.05	0.00	0.23		
2-Jan-17	11	1,948.40	2,011.22	43.73	43.61	0.00	0.12	51.51	51.31	0.00	0.20		
2-Jan-17	12	1,925.70	2,025.05	46.56	46.42	0.00	0.14	46.69	46.50	0.00	0.19		
2-Jan-17	13	1,923.30	2,026.65	43.68	43.54	0.00	0.14	47.20	46.94	0.00	0.26		
2-Jan-17	14	1,894.60	2,037.37	45.93	45.77	0.00	0.16	51.41	51.08	0.00	0.33		
2-Jan-17	15	1,908.40	2,030.40	43.64	43.49	0.00	0.15	40.67	40.39	0.00	0.28		
2-Jan-17	16	1,953.70	2,055.47	49.76	49.58	0.00	0.18	44.28	43.98	0.00	0.30		
2-Jan-17	17	2,119.30	2,196.77	57.78	57.62	0.00	0.16	52.70	52.37	0.00	0.33		
2-Jan-17	18	2,242.30	2,315.70	71.81	71.69	0.00	0.12	74.93	74.55	0.00	0.38		
2-Jan-17	19	2,215.00	2,275.10	66.04	65.95	0.00	0.09	59.87	59.57	0.00	0.30		
2-Jan-17	20	2,162.80	2,206.07	62.75	62.65	0.00	0.10	58.98	58.68	0.00	0.30		
2-Jan-17	21	2,051.40	2,111.65	52.01	51.85	0.00	0.16	44.34	44.10	0.00	0.24		
2-Jan-17	22	1,939.70	1,976.76	43.32	43.13	0.00	0.19	38.66	38.46	0.00	0.20		
2-Jan-17	23	1,794.70	1,807.50	41.62	41.44	0.00	0.18	33.99	33.82	0.00	0.17		
2-Jan-17	24	1,649.70	1,663.13	33.87	33.71	0.00	0.16	29.67	29.51	0.00	0.16		
3-Jan-17	01	1,846.80	1,564.95	35.67	35.44	0.00	0.23	31.31	31.11	0.00	0.20		
3-Jan-17	02	2,171.20	1,490.77	33.97	33.72	0.00	0.25	16.00	15.87	0.00	0.13		
3-Jan-17	03	2,506.80	1,463.08	33.74	33.48	0.00	0.26	22.57	22.39	0.00	0.18		
3-Jan-17	04	2,499.70	1,466.28	33.71	33.45	0.00	0.26	33.41	32.91	0.24	0.26		
3-Jan-17	05	2,112.00	1,525.71	34.03	33.81	0.00	0.22	34.74	34.23	0.25	0.26		
3-Jan-17	06	1,682.80	1,683.98	36.68	36.52	0.00	0.16	30.47	30.04	0.23	0.20		
3-Jan-17	07	1,944.00	1,936.67	40.19	40.03	0.00	0.16	38.32	38.01	0.07	0.24		
3-Jan-17	08	2,061.10	2,086.29	44.99	44.78	0.00	0.21	67.83	67.44	0.01	0.38		
3-Jan-17	09	2,100.10	2,130.22	43.82	43.68	0.00	0.14	44.51	44.11	0.12	0.28		
3-Jan-17	10	2,184.20	2,156.38	58.50	58.26	0.00	0.24	43.59	43.13	0.16	0.30		
3-Jan-17	11	2,216.90	2,190.83	45.46	45.27	0.00	0.19	42.06	41.78	0.02	0.26		
3-Jan-17	12	2,202.20	2,193.74	45.15	44.94	0.00	0.21	43.93	43.65	0.00	0.28		
3-Jan-17	13	2,175.20	2,194.58	43.54	43.35	0.00	0.19	43.00	42.72	0.00	0.28		
3-Jan-17	14	2,146.30	2,194.25	42.74	42.52	0.00	0.22	42.55	42.28	0.00	0.27		
3-Jan-17	15	2,088.30	2,176.26	41.17	40.97	0.00	0.20	42.51	42.19	0.00	0.32		
3-Jan-17	16	2,109.10	2,200.11	42.65	42.47	0.00	0.18	43.82	43.49	0.00	0.33		
3-Jan-17	17	2,294.10	2,332.10	46.86	46.65	0.00	0.21	53.53	53.15	0.00	0.38		
3-Jan-17	18	2,403.60	2,413.45	73.69	73.38	0.00	0.31	48.41	48.09	0.00	0.32		
3-Jan-17	19	2,330.10	2,377.35	49.86	49.68	0.00	0.18	55.69	55.31	0.00	0.38		
3-Jan-17	20	2,264.20	2,305.40	43.54	43.39	0.00	0.15	44.90	44.55	0.00	0.35		
3-Jan-17	21	2,144.00	2,207.69	39.80	39.62	0.00	0.18	39.79	39.48	0.00	0.31		
3-Jan-17	22	2,008.80	2,060.87	35.06	34.86	0.00	0.20	37.03	36.73	0.00	0.30		
3-Jan-17	23	1,842.00	1,883.20	32.90	32.73	0.00	0.17	32.69	32.40	0.00	0.29		
3-Jan-17	24	2,284.10	1,704.58	31.98	31.85	0.00	0.13	32.56	32.26	0.00	0.30		
4-Jan-17	01	2,596.00	1,623.36	29.74	29.40	0.00	0.34	28.90	28.59	0.00	0.31		
4-Jan-17	02	2,763.90	1,554.90	19.63	19.41	0.00	0.22	32.60	32.20	0.00	0.40		
4-Jan-17	03	2,740.40	1,530.95	14.23	14.07	0.00	0.16	28.43	28.08	0.00	0.35		
4-Jan-17	04	2,738.20	1,525.79	14.23	14.07	0.00	0.16	29.47	29.13	0.00	0.34		
4-Jan-17	05	2,710.70	1,571.61	29.76	29.44	0.00	0.32	30.15	29.81	0.00	0.34		
4-Jan-17	06	2,137.00	1,715.55	32.19	31.91	0.00	0.28	30.33	30.03	0.00	0.30		
4-Jan-17	07	1,940.90	1,962.70	37.62	37.32	0.00	0.30	31.51	31.27	0.00	0.24		
4-Jan-17	08	2,106.30	2,091.67	41.81	41.46	0.00	0.35	43.26	42.97	0.00	0.29		
4-Jan-17	09	2,058.10	2,096.29	38.61	38.29	0.00	0.32	42.49	42.22	0.00	0.27		
4-Jan-17	10	2,035.70	2,096.47	39.12	38.80	0.00	0.32	39.26	39.00	0.00	0.26		
4-Jan-17	11	2,035.90	2,082.02	41.07	40.74	0.00	0.33	39.52	39.29	0.00	0.23		
4-Jan-17	12	2,001.80	2,076.05	37.46	37.18	0.00	0.28	37.65	37.43	0.00	0.22		
4-Jan-17	13	1,983.60	2,059.34	34.35	34.10	0.00	0.25	37.25	37.02	0.00	0.23		
4-Jan-17	14	1,983.40	2,069.33	33.81	33.55	0.00	0.26	36.69	36.47	0.00	0.22		
4-Jan-17	15	1,991.90	2,059.88	33.81	33.55	0.00	0.26	35.90	35.66	0.00	0.24		
4-Jan-17	16	2,023.90	2,092.13	37.23	36.95	0.00	0.28	35.16	34.94	0.00	0.22		
4-Jan-17	17	2,183.70	2,218.22	41.22	40.90	0.00	0.32	39.45	39.19	0.00	0.26		
4-Jan-17	18	2,358.70	2,336.57	49.97	49.58	0.00	0.39	61.40	61.01	0.00	0.39		
4-Jan-17	19	2,329.10	2,330.34	41.09	40.82	0.00	0.27	45.92	45.63	0.00	0.29		
4-Jan-17	20	2,273.70	2,276.58	41.68	41.33	0.00	0.35	45.73	45.43	0.00	0.30		
4-Jan-17	21	2,156.40	2,202.99	39.55	39.28	0.00	0.27	38.92	38.57	0.07	0.28		
4-Jan-17	22	2,043.40	2,082.40	38.32	38.02	0.00	0.30	35.03	34.75	0.02	0.26		
4-Jan-17	23	1,836.80	1,918.72	37.09	36.75	0.00	0.34	35.33	35.03	0.00	0.30		
4-Jan-17	24	1,903.60	1,780.14	33.63	33.43	0.00	0.20	39.25	38.94	0.00	0.31		
5-Jan-17	01	2,202.70	1,680.50	34.24	33.88	0.00	0.36	32.46	32.18	0.00	0.28		
5-Jan-17	02	2,173.70	1,638.00	33.99	33.61	0.00	0.38	16.45	16.29	0.00	0.16		
5-Jan-17	03	2,114.50	1,623.73	30.91	30.57	0.02	0.32	-15.14	-14.99	0.01	-0.16		
5-Jan-17	04	2,145.20	1,632.57	29.49	29.15	0.02	0.32	-11.28	-11.21	0.04	-0.11		
5-Jan-17	05	2,181.70	1,686.95	33.74	33.37	0.00	0.37	13.84	13.66	0.04	0.14		
5-Jan-17	06	2,069.50	1,845.26	37.05	36.66	0.00	0.39	16.61	16.44	0.02	0.15		
5-Jan-17	07	2,059.00	2,112.59	41.78	41.39	0.00	0.39	36.51	36.21	0.00	0.30		
5-Jan-17	08	2,229.10	2,241.00	46.45	45.93	0.01	0.51	47.54	47.14	0.00	0.40		
5-Jan-17	09	2,199.00	2,231.85	45.72	45.30	0.01	0.41	41.43	41.07	0.00	0.36		
5-Jan-17	10	2,147.10	2,188.12	43.42	43.04	0.01	0.37	39.25	38.96	0.00	0.29		
5-Jan-17	11	2,111.90	2,158.45	54.31	53.85	0.01	0.45	48.61	48.25	0.02	0.34		
5-Jan-17	12	2,109.10	2,147.96	52.62	52.16	0.01	0.45	48.02	47.63	0.05	0.34		
5-Jan-17	13	2,099.60	2,159.84	52.26	51.82	0.01	0.43	46.17	45.84	0.00	0.33		
5-Jan-17	14	2,071.40	2,134.97	52.00	51.56	0.01	0.43	44.55	44.24	0.00	0.31		
5-Jan-17	15	2,076.90	2,138.96	50.40	49.98	0.01	0.41	43.37	43.06	0.00	0.31		
5-Jan-17	16	2,132.60	2,202.20	52.41	51.97	0.01	0.43	45.84	45.52	0.00	0.32		
5-Jan-17	17	2,279.90	2,354.91	64.66	64.09	0.01	0.56	46.76	46.44	0.00	0.32		
5-Jan-17	18	2,459.00	2,491.73	77.98	77.27	0.00	0.71	54.37	54.02	0.00	0.35		
5-Jan-17	19	2,422.30	2,483.89	73.61	72.98	0.00	0.63	57.92	57.51	0.00	0.41		
5-Jan-17	20	2,381.70	2,427.37	67.18	66.62	0.00	0.56	55.91	55.54	0.00	0.37		
5-Jan-17	21	2,282.80	2,339.03	62.77	62.27	0.00	0.50	48.61	48.30	0.00	0.31		
5-Jan-17	22	2,161.70	2,201.36	54.65	54.10	0.00	0.55	45.68	45.35	0.00	0.33		
5-Jan-17	23	1,956.50	2,018.71	52.83	52.40	0.00	0.43	27.36	27.13	0.00	0.23		
5-Jan-17	24	1,742.30	1,860.10	52.73	52.37	0.00	0.36	39.87	39.61	0.00	0.26		
6-Jan-17	01	1,975.70	1,759.26	42.83	42.51	0.00	0.32	40.07	39.78	0.00	0.29		
6-Jan-17	02	2,176.70	1,698.18	43.34	42.98	0.00	0.36	30.98	30.73	0.00	0.25		
6-Jan-17	03	2,151.90	1,673.02	38.29	37.98	0.00	0.31	36.89	36.59	0.00	0.30		
6-Jan-17	04	2,153.50	1,672.90	37.59	37.29	0.00	0.30	40.52	40.20	0.00	0.32		
6-Jan-17	05	2,208.70	1,715.77	44.26	43.93	0.00	0.33	40.64	40.33	0.00	0.31		
6-Jan-17	06	2,067.00	1,850.86	45.57	45.32	0.00	0.25	33.98	33.74	0.00	0.24		
6-Jan-17	07	2,050.30	2,089.89	52.25	51.97	0.00	0.28	36.82	36.67	0.00	0.15		
6-Jan-17	08	2,234.10	2,239.84	59.44	59.11	0.00	0.33	50.13	49.97	0.00	0.16		
6-Jan-17	09	2,198.90	2,266.52	56.49	56.22	0.00	0.27	50.53	50.35	0.00	0.18		
6-Jan-17	10	2,185.50	2,283.26	58.52	58.26	0.00	0.26	50.15	49.99	0.00	0.16		
6-Jan-17	11	2,162.70	2,273.08	66.64	66.41	0.00	0.23	57.54	57.36	0.00	0.18		
6-Jan-17	12	2,149.60	2,220.22	62.74	62.54	0.00	0.20	51.48	51.33	0.00	0.15		
6-Jan-17	13	2,108.80	2,177.65	62.65	62.35	0.00	0.30	50.95	50.77	0.00	0.18		
6-Jan-17	14	2,110.50	2,164.40	58.82	58.55	0.00	0.27	50.71	50.51	0.00	0.20		
6-Jan-17	15	2,117.10	2,178.47	57.69	57.42	0.00	0.27	49.91	49.72	0.00	0.19		
6-Jan-17	16	2,160.80	2,207.90	57.13	56.81	0.00	0.32	50.84	50.59	0.00	0.25		
6-Jan-17	17	2,295.00	2,310.16	69.32	69.03	0.00	0.29	55.75	55.44	0.00	0.31		
6-Jan-17	18	2,423.50	2,433.06	94.13	93.71	0.00	0.42	70.48	70.08	0.00	0.40		
6-Jan-17	19	2,413.80	2,412.02	92.75	92.28	0.00	0.47	60.65	60.28	0.00	0.37		
6-Jan-17	20	2,364.60	2,350.08	78.14	77.76	0.00	0.38	50.10	49.78	0.00	0.32		
6-Jan-17	21	2,237.90	2,286.92	69.12	68.70	0.00	0.42	50.17	49.88	0.00	0.29		
6-Jan-17	22	2,142.80	2,190.26	60.93	60.52	0.00	0.41	47.87	47.57	0.00	0.30		
6-Jan-17	23	1,971.80	2,051.28	58.74	58.21	0.00	0.53	33.36	33.11	0.00	0.25		
6-Jan-17	24	1,796.80	1,919.12	51.90	51.48	0.00	0.42	36.96	36.65	0.00	0.31		
7-Jan-17	01	1,785.70	1,824.04	57.34	56.89	0.00	0.45	47.56	47.08	0.00	0.48		
7-Jan-17	02	1,971.20	1,770.27	54.71	54.24	0.00	0.47	46.66	46.22	0.00	0.44		
7-Jan-17	03	2,190.90	1,743.24	54.77	54.32	0.00	0.45	38.01	37.67	0.00	0.34		
7-Jan-17	04	2,429.30	1,733.45	54.92	54.44	0.00	0.48	4.17	4.13	0.00	0.04		
7-Jan-17	05	2,424.70	1,751.03	54.92	54.50	0.00	0.42	27.18	26.96	0.00	0.22		
7-Jan-17	06	1,980.30	1,805.39	54.84	54.46	0.00	0.38	39.46	39.18	0.00	0.28		
7-Jan-17	07	2,095.70	1,897.73	69.00	68.55	0.00	0.45	26.48	26.34	0.00	0.14		
7-Jan-17	08	1,962.10	1,994.87	67.44	67.21	0.00	0.23	50.21	49.98	0.00	0.23		
7-Jan-17	09	2,080.20	2,101.69	69.40	69.08	0.00	0.32	55.32	55.09	0.00	0.23		
7-Jan-17	10	2,150.90	2,187.40	72.70	72.32	0.00	0.38	61.44	61.17	0.00	0.27		
7-Jan-17	11	2,176.10	2,239.85	80.26	79.67	0.00	0.59	80.47	79.97	0.00	0.50		
7-Jan-17	12	2,152.10	2,280.04	78.22	77.65	0.00	0.57	90.55	89.92	0.00	0.63		
7-Jan-17	13	2,126.40	2,296.81	78.16	77.57	0.00	0.59	82.86	82.33	0.00	0.53		
7-Jan-17	14	2,100.20	2,303.64	70.58	70.07	0.00	0.51	89.71	89.05	0.00	0.66		
7-Jan-17	15	2,086.40	2,298.99	66.79	66.32	0.00	0.47	92.46	91.75	0.00	0.71		
7-Jan-17	16	2,106.90	2,307.03	67.80	67.36	0.00	0.44	98.24	97.51	0.00	0.73		
7-Jan-17	17	2,274.50	2,408.22	83.84	83.26	0.00	0.58	101.36	100.64	0.00	0.72		
7-Jan-17	18	2,398.00	2,506.73	101.66	100.98	0.00	0.68	82.18	81.59	0.00	0.59		
7-Jan-17	19	2,335.80	2,472.40	88.54	89.73	-1.70	0.51	89.75	89.10	0.00	0.65		
7-Jan-17	20	2,272.00	2,392.35	86.82	86.26	0.00	0.56	74.12	73.56	0.00	0.56		
7-Jan-17	21	2,193.40	2,314.43	83.71	83.14	0.00	0.57	87.37	86.76	0.00	0.61		
7-Jan-17	22	2,096.40	2,198.86	78.30	77.82	0.00	0.48	75.93	75.45	0.00	0.48		
7-Jan-17	23	1,979.00	2,059.71	71.82	71.27	0.00	0.55	66.12	65.68	0.00	0.44		
7-Jan-17	24	1,824.20	1,920.94	61.70	61.21	0.00	0.49	62.55	62.14	0.00	0.41		
8-Jan-17	01	1,753.30	1,824.84	60.44	59.98	0.00	0.46	62.71	62.23	0.00	0.48		
8-Jan-17	02	1,944.60	1,766.57	57.49	56.99	0.00	0.50	70.39	69.74	0.01	0.64		
8-Jan-17	03	2,162.90	1,743.77	56.13	55.59	0.00	0.54	70.57	69.75	0.12	0.70		
8-Jan-17	04	2,203.10	1,742.07	55.52	54.99	0.00	0.53	68.34	67.57	0.05	0.72		
8-Jan-17	05	2,235.90	1,756.08	56.55	56.03	0.00	0.52	66.40	65.67	0.00	0.73		
8-Jan-17	06	2,216.20	1,802.93	60.80	60.28	0.00	0.52	70.08	69.32	0.00	0.76		
8-Jan-17	07	2,065.00	1,889.76	63.08	62.58	0.00	0.50	72.74	71.96	0.00	0.78		
8-Jan-17	08	1,928.50	1,969.03	64.90	64.23	0.00	0.67	68.24	67.50	0.00	0.74		
8-Jan-17	09	2,032.70	2,072.62	66.50	65.88	0.00	0.62	66.10	65.51	0.00	0.59		
8-Jan-17	10	2,083.50	2,141.43	74.73	74.17	0.00	0.56	70.34	69.75	0.00	0.59		
8-Jan-17	11	2,092.20	2,174.38	77.76	77.16	0.00	0.60	73.42	72.79	0.00	0.63		
8-Jan-17	12	2,082.40	2,192.35	74.98	74.44	0.00	0.54	81.42	80.64	0.00	0.78		
8-Jan-17	13	2,048.30	2,192.79	67.08	66.57	0.00	0.51	80.11	79.34	0.00	0.77		
8-Jan-17	14	2,038.00	2,181.16	65.25	64.70	0.00	0.55	83.32	82.46	0.00	0.86		
8-Jan-17	15	2,055.40	2,173.11	66.76	66.16	0.00	0.60	95.89	94.92	0.00	0.97		
8-Jan-17	16	2,105.80	2,210.02	66.62	65.95	0.00	0.67	79.54	78.74	0.00	0.80		
8-Jan-17	17	2,273.70	2,348.90	76.22	75.37	0.00	0.85	82.26	81.36	0.00	0.90		
8-Jan-17	18	2,457.30	2,502.83	93.61	92.59	0.00	1.02	105.14	103.98	0.00	1.16		
8-Jan-17	19	2,429.50	2,490.60	93.37	92.37	0.00	1.00	95.89	94.79	0.00	1.10		
8-Jan-17	20	2,339.10	2,430.13	91.78	90.80	0.00	0.98	83.30	82.35	0.00	0.95		
8-Jan-17	21	2,259.70	2,353.59	83.91	83.19	0.00	0.72	75.69	74.86	0.00	0.83		
8-Jan-17	22	2,147.60	2,230.77	72.93	72.39	0.00	0.54	72.81	71.99	0.08	0.74		
8-Jan-17	23	1,999.80	2,078.15	70.93	70.25	0.00	0.68	63.86	63.08	0.14	0.64		
8-Jan-17	24	1,836.80	1,952.38	64.59	63.91	0.00	0.68	60.71	59.99	0.08	0.64		
9-Jan-17	01	2,122.50	1,877.66	76.78	75.92	0.00	0.86	50.40	49.77	0.02	0.61		
9-Jan-17	02	2,321.90	1,834.90	74.76	73.82	0.00	0.94	57.67	56.89	0.00	0.78		
9-Jan-17	03	2,409.70	1,828.52	74.95	74.03	0.00	0.92	57.32	56.54	0.00	0.78		
9-Jan-17	04	2,407.50	1,844.04	76.41	75.52	0.00	0.89	60.89	60.11	0.00	0.78		
9-Jan-17	05	2,508.50	1,906.24	75.83	74.97	0.00	0.86	53.41	52.77	0.00	0.64		
9-Jan-17	06	2,155.00	2,075.90	76.84	76.10	0.00	0.74	56.64	55.99	0.00	0.65		
9-Jan-17	07	2,331.60	2,356.41	77.69	76.85	0.00	0.84	66.97	66.22	0.00	0.75		
9-Jan-17	08	2,484.30	2,503.06	87.75	86.59	0.00	1.16	77.16	76.24	0.00	0.92		
9-Jan-17	09	2,465.60	2,513.92	84.32	83.18	0.00	1.14	68.60	67.76	0.00	0.84		
9-Jan-17	10	2,454.00	2,517.93	80.41	79.31	0.00	1.10	68.32	67.54	0.00	0.78		
9-Jan-17	11	2,447.80	2,507.47	80.75	79.65	0.00	1.10	71.17	70.39	0.00	0.78		
9-Jan-17	12	2,379.20	2,480.03	77.80	76.90	0.00	0.90	72.39	71.64	0.00	0.75		
9-Jan-17	13	2,295.30	2,457.75	73.07	72.28	0.00	0.79	71.70	70.98	0.00	0.72		
9-Jan-17	14	2,284.10	2,450.27	68.22	67.49	0.00	0.73	76.72	75.93	0.00	0.79		
9-Jan-17	15	2,284.20	2,434.96	68.40	67.63	0.00	0.77	70.56	69.82	0.00	0.74		
9-Jan-17	16	2,315.10	2,436.13	72.17	71.41	0.00	0.76	67.41	66.76	0.00	0.65		
9-Jan-17	17	2,446.30	2,543.46	82.40	81.35	0.00	1.05	75.16	74.63	-0.26	0.79		
9-Jan-17	18	2,640.30	2,705.44	102.35	100.98	0.00	1.37	85.87	90.23	-5.49	1.13		
9-Jan-17	19	2,634.50	2,696.04	97.43	96.19	0.00	1.24	75.21	76.10	-1.88	0.99		
9-Jan-17	20	2,540.00	2,633.51	88.18	87.03	0.00	1.15	76.02	74.92	0.18	0.92		
9-Jan-17	21	2,445.90	2,544.87	81.65	80.74	0.00	0.91	69.69	68.69	0.16	0.84		
9-Jan-17	22	2,334.90	2,395.30	76.12	75.39	0.00	0.73	63.41	62.67	0.05	0.69		
9-Jan-17	23	2,123.20	2,215.44	73.13	72.39	0.00	0.74	70.71	69.91	0.00	0.80		
9-Jan-17	24	1,925.50	2,064.74	64.28	63.66	0.00	0.62	61.21	60.53	0.00	0.68		
10-Jan-17	01	1,815.70	1,973.73	63.75	63.17	0.00	0.58	65.34	64.65	0.00	0.69		
10-Jan-17	02	1,785.80	1,930.19	58.94	58.44	0.00	0.50	88.00	87.22	0.00	0.78		
10-Jan-17	03	1,743.90	1,913.92	57.67	57.19	0.00	0.48	87.96	87.23	0.00	0.73		
10-Jan-17	04	1,752.30	1,922.48	58.38	57.93	0.00	0.45	68.49	67.94	0.00	0.55		
10-Jan-17	05	1,812.80	1,970.04	57.45	57.08	0.00	0.37	98.86	98.12	0.00	0.74		
10-Jan-17	06	1,922.10	2,120.61	63.16	62.75	0.00	0.41	99.34	98.79	0.00	0.55		
10-Jan-17	07	2,199.30	2,371.64	81.93	81.42	0.00	0.51	218.73	217.92	0.00	0.81		
10-Jan-17	08	2,305.60	2,498.41	94.05	93.37	0.00	0.68	94.36	93.90	0.00	0.46		
10-Jan-17	09	2,316.60	2,508.62	73.95	73.34	0.00	0.61	78.89	78.42	0.01	0.46		
10-Jan-17	10	2,287.70	2,483.04	72.17	71.62	0.00	0.55	83.97	83.31	0.17	0.49		
10-Jan-17	11	2,301.30	2,460.51	59.76	59.40	0.00	0.36	49.33	48.91	0.12	0.30		
10-Jan-17	12	2,275.80	2,425.81	54.90	54.59	0.00	0.31	53.72	53.33	0.13	0.26		
10-Jan-17	13	2,227.80	2,388.88	46.75	46.46	0.00	0.29	42.80	42.47	0.12	0.21		
10-Jan-17	14	2,208.80	2,364.45	46.58	46.29	0.00	0.29	38.58	38.28	0.11	0.19		
10-Jan-17	15	2,200.50	2,338.32	44.99	44.73	0.00	0.26	38.29	37.96	0.12	0.21		
10-Jan-17	16	2,225.20	2,349.05	44.33	44.05	0.00	0.28	38.15	37.79	0.12	0.24		
10-Jan-17	17	2,339.60	2,454.29	46.79	46.45	0.00	0.34	41.34	41.77	-0.76	0.33		
10-Jan-17	18	2,449.70	2,563.10	59.72	59.27	0.00	0.45	54.65	61.48	-7.31	0.48		
10-Jan-17	19	2,414.40	2,537.50	55.41	55.02	0.00	0.39	45.84	48.69	-3.20	0.35		
10-Jan-17	20	2,359.50	2,465.39	46.76	46.47	0.00	0.29	38.93	38.52	0.12	0.29		
10-Jan-17	21	2,230.90	2,367.02	45.33	45.13	0.00	0.20	38.46	38.04	0.11	0.31		
10-Jan-17	22	2,103.00	2,211.47	44.30	44.14	0.00	0.16	34.39	33.97	0.11	0.31		
10-Jan-17	23	1,892.60	2,021.61	42.66	42.37	0.01	0.28	47.80	47.19	0.12	0.49		
10-Jan-17	24	1,960.20	1,844.48	35.56	35.40	0.02	0.14	34.65	34.10	0.20	0.35		
11-Jan-17	01	2,416.20	1,737.85	36.27	35.85	0.02	0.40	30.08	28.79	0.98	0.31		
11-Jan-17	02	2,614.50	1,664.60	35.60	35.15	0.00	0.45	32.58	31.74	0.47	0.37		
11-Jan-17	03	2,822.60	1,630.04	34.72	34.30	0.00	0.42	31.99	31.25	0.36	0.38		
11-Jan-17	04	2,832.50	1,622.52	34.17	33.76	0.00	0.41	33.40	32.55	0.45	0.40		
11-Jan-17	05	2,867.50	1,658.80	34.51	34.08	0.00	0.43	34.08	33.33	0.35	0.40		
11-Jan-17	06	2,498.50	1,788.40	34.01	33.65	0.00	0.36	33.80	33.39	0.03	0.38		
11-Jan-17	07	2,266.80	2,016.77	35.22	34.86	0.00	0.36	35.34	34.97	0.00	0.37		
11-Jan-17	08	2,104.50	2,152.07	34.90	34.58	0.00	0.32	19.63	19.43	0.01	0.19		
11-Jan-17	09	2,106.40	2,113.60	34.94	34.66	0.00	0.28	10.39	10.27	0.03	0.09		
11-Jan-17	10	2,082.60	2,039.94	34.99	34.70	0.00	0.29	1.19	1.15	0.03	0.01		
11-Jan-17	11	2,250.60	1,996.00	32.33	32.07	0.00	0.26	0.00	-0.03	0.03	0.00		
11-Jan-17	12	2,304.70	1,960.01	32.28	32.01	0.00	0.27	19.24	19.10	0.01	0.13		
11-Jan-17	13	2,294.10	1,932.85	29.92	29.67	0.00	0.25	7.96	7.90	0.00	0.06		
11-Jan-17	14	2,292.40	1,963.06	30.48	30.22	0.00	0.26	17.58	17.43	0.00	0.15		
11-Jan-17	15	2,274.10	2,007.65	29.37	29.13	0.00	0.24	26.44	26.19	0.00	0.25		
11-Jan-17	16	2,302.10	2,042.58	29.73	29.49	0.00	0.24	27.38	27.14	0.00	0.24		
11-Jan-17	17	2,206.00	2,165.50	33.74	33.48	0.00	0.26	28.41	28.20	0.00	0.21		
11-Jan-17	18	2,359.70	2,292.87	47.61	47.22	0.00	0.39	33.74	33.48	0.00	0.26		
11-Jan-17	19	2,314.50	2,281.64	42.96	42.62	0.00	0.34	27.34	27.11	0.00	0.23		
11-Jan-17	20	2,268.30	2,227.98	36.54	36.26	0.00	0.28	26.65	26.45	0.00	0.20		
11-Jan-17	21	2,161.10	2,148.26	31.45	31.22	0.00	0.23	24.38	24.12	0.08	0.18		
11-Jan-17	22	2,029.50	2,021.35	30.36	30.21	0.00	0.15	18.26	18.04	0.09	0.13		
11-Jan-17	23	1,832.50	1,851.30	14.51	14.41	0.00	0.10	-19.58	-19.50	0.03	-0.11		
11-Jan-17	24	2,513.40	1,694.32	26.77	26.60	0.00	0.17	27.35	27.13	0.00	0.22		
12-Jan-17	01	1,844.90	1,597.90	13.64	13.55	0.00	0.09	95.99	94.97	0.18	0.84		
12-Jan-17	02	1,793.90	1,544.89	10.43	10.36	0.00	0.07	18.42	18.15	0.09	0.18		
12-Jan-17	03	1,759.10	1,516.49	3.57	3.55	0.00	0.02	11.09	10.90	0.08	0.11		
12-Jan-17	04	1,752.10	1,511.19	3.49	3.47	0.00	0.02	8.67	8.50	0.07	0.10		
12-Jan-17	05	1,787.30	1,552.14	6.26	6.21	0.00	0.05	16.64	16.37	0.09	0.18		
12-Jan-17	06	1,899.40	1,682.55	16.44	16.34	0.00	0.10	-2.36	-2.39	0.06	-0.03		
12-Jan-17	07	1,891.90	1,925.56	26.52	26.38	0.00	0.14	31.30	31.00	0.11	0.19		
12-Jan-17	08	2,061.00	2,063.25	26.59	26.48	0.00	0.11	32.84	32.56	0.11	0.17		
12-Jan-17	09	2,042.60	2,071.24	26.58	26.49	0.01	0.08	30.82	30.55	0.11	0.16		
12-Jan-17	10	2,041.40	2,038.78	26.84	26.72	0.02	0.10	43.69	43.48	0.00	0.21		
12-Jan-17	11	2,084.00	2,009.48	26.99	26.88	0.00	0.11	29.70	29.46	0.10	0.14		
12-Jan-17	12	2,101.40	1,992.94	26.81	26.66	0.01	0.14	0.61	0.59	0.02	0.00		
12-Jan-17	13	2,044.60	2,005.62	28.42	28.28	0.00	0.14	21.47	21.36	0.00	0.11		
12-Jan-17	14	2,055.50	2,010.38	25.92	25.79	0.00	0.13	23.29	23.14	0.02	0.13		
12-Jan-17	15	2,052.50	2,004.24	25.47	25.35	0.00	0.12	23.34	23.20	0.01	0.13		
12-Jan-17	16	2,052.90	2,044.31	25.43	25.32	0.00	0.11	17.41	17.31	0.00	0.10		
12-Jan-17	17	2,118.30	2,139.23	36.42	36.29	0.00	0.13	25.56	25.44	0.00	0.12		
12-Jan-17	18	2,260.00	2,225.12	47.97	47.90	0.00	0.07	22.74	22.66	0.00	0.08		
12-Jan-17	19	2,191.50	2,200.05	44.79	44.72	0.00	0.07	19.70	19.63	0.00	0.07		
12-Jan-17	20	2,212.60	2,138.33	35.80	35.70	0.00	0.10	17.22	17.16	0.00	0.06		
12-Jan-17	21	2,085.50	2,049.85	29.42	29.33	0.00	0.09	19.01	18.94	0.00	0.07		
12-Jan-17	22	1,958.20	1,922.32	25.39	25.27	0.00	0.12	12.13	12.06	0.00	0.07		
12-Jan-17	23	1,771.60	1,754.35	20.27	20.14	0.00	0.13	-12.60	-12.80	0.30	-0.10		
12-Jan-17	24	1,605.70	1,599.89	14.32	14.24	0.03	0.05	-21.03	-21.74	0.90	-0.19		
13-Jan-17	01	2,646.70	1,504.31	14.66	14.56	0.00	0.10	18.42	17.83	0.41	0.18		
13-Jan-17	02	2,723.40	1,449.65	13.99	13.86	0.03	0.10	20.68	20.15	0.30	0.23		
13-Jan-17	03	2,696.40	1,420.33	14.11	13.94	0.06	0.11	19.79	19.18	0.37	0.24		
13-Jan-17	04	2,702.90	1,419.47	13.95	13.79	0.06	0.10	19.85	19.24	0.38	0.23		
13-Jan-17	05	2,756.60	1,471.05	14.63	14.48	0.05	0.10	20.26	19.66	0.36	0.24		
13-Jan-17	06	2,712.20	1,611.76	15.05	14.90	0.04	0.11	-0.33	-0.48	0.16	-0.01		
13-Jan-17	07	1,878.20	1,875.98	25.91	25.63	0.06	0.22	21.03	20.64	0.16	0.23		
13-Jan-17	08	2,020.70	2,005.62	28.57	28.24	0.06	0.27	19.77	19.58	0.00	0.19		
13-Jan-17	09	1,992.40	2,016.78	29.34	29.03	0.06	0.25	16.17	16.00	0.04	0.13		
13-Jan-17	10	1,996.70	1,982.01	25.99	25.73	0.05	0.21	7.38	7.29	0.04	0.05		
13-Jan-17	11	1,987.70	1,952.50	33.89	33.55	0.06	0.28	20.25	20.09	0.04	0.12		
13-Jan-17	12	1,982.90	1,929.18	33.96	33.56	0.07	0.33	26.38	26.17	0.05	0.16		
13-Jan-17	13	1,967.20	1,913.33	33.71	33.31	0.07	0.33	2.07	1.98	0.08	0.01		
13-Jan-17	14	1,963.60	1,924.76	33.71	33.31	0.06	0.34	6.98	6.82	0.11	0.05		
13-Jan-17	15	1,974.60	1,948.11	31.49	31.16	0.05	0.28	22.29	21.76	0.38	0.15		
13-Jan-17	16	1,986.00	2,007.04	35.25	34.88	0.06	0.31	28.35	28.01	0.13	0.21		
13-Jan-17	17	2,109.30	2,146.41	42.74	42.37	0.00	0.37	30.52	29.95	0.33	0.24		
13-Jan-17	18	2,294.90	2,282.71	60.86	60.42	0.01	0.43	33.51	32.68	0.59	0.24		
13-Jan-17	19	2,257.90	2,271.79	59.56	59.11	0.01	0.44	34.45	33.95	0.26	0.24		
13-Jan-17	20	2,242.10	2,223.29	55.70	55.28	0.00	0.42	29.74	29.24	0.31	0.19		
13-Jan-17	21	2,136.90	2,166.12	52.75	52.34	0.01	0.40	28.48	28.21	0.10	0.17		
13-Jan-17	22	2,027.10	2,079.37	45.31	44.91	0.00	0.40	28.75	28.45	0.11	0.19		
13-Jan-17	23	1,870.40	1,954.60	34.38	34.04	0.00	0.34	20.37	20.16	0.07	0.14		
13-Jan-17	24	1,721.00	1,826.89	34.44	34.17	0.00	0.27	15.72	15.60	0.01	0.11		
14-Jan-17	01	1,861.30	1,733.95	30.18	29.92	0.00	0.26	24.31	23.77	0.33	0.21		
14-Jan-17	02	2,049.20	1,686.93	30.05	29.75	0.01	0.29	26.21	25.98	0.00	0.23		
14-Jan-17	03	2,130.90	1,657.43	27.68	27.42	0.01	0.25	20.34	20.16	0.00	0.18		
14-Jan-17	04	2,117.50	1,656.78	27.68	27.41	0.01	0.26	-77.24	-76.83	0.00	-0.41		
14-Jan-17	05	2,022.20	1,679.07	30.07	29.76	0.04	0.27	7.95	7.88	0.00	0.07		
14-Jan-17	06	1,928.20	1,744.63	30.68	30.46	0.00	0.22	32.21	32.03	0.00	0.18		
14-Jan-17	07	1,773.10	1,854.31	35.78	35.54	0.00	0.24	33.05	32.90	0.00	0.15		
14-Jan-17	08	1,896.60	1,957.61	32.52	32.36	0.00	0.16	21.13	21.07	0.00	0.06		
14-Jan-17	09	1,999.90	2,034.71	38.68	38.51	0.00	0.17	32.41	32.36	0.00	0.05		
14-Jan-17	10	2,060.80	2,082.63	45.07	44.89	0.00	0.18	38.25	38.23	0.00	0.02		
14-Jan-17	11	2,057.00	2,052.06	44.57	44.40	0.00	0.17	40.59	40.64	0.00	-0.05		
14-Jan-17	12	2,014.20	2,013.10	40.78	40.63	0.00	0.15	40.96	41.03	0.00	-0.07		
14-Jan-17	13	1,998.40	1,980.88	39.03	38.86	0.00	0.17	37.93	38.00	0.00	-0.07		
14-Jan-17	14	1,968.40	1,990.13	38.04	37.86	0.00	0.18	37.99	38.01	0.00	-0.02		
14-Jan-17	15	1,962.80	2,028.43	35.29	35.14	0.00	0.15	39.23	39.22	0.00	0.01		
14-Jan-17	16	1,996.20	2,075.53	35.39	35.24	0.00	0.15	38.73	38.73	0.00	0.00		
14-Jan-17	17	2,119.90	2,189.46	40.38	40.25	0.00	0.13	43.06	43.07	0.00	-0.01		
14-Jan-17	18	2,242.00	2,281.71	60.64	60.54	0.00	0.10	46.19	46.21	0.00	-0.02		
14-Jan-17	19	2,228.40	2,253.25	54.38	54.32	0.00	0.06	42.15	42.14	0.00	0.01		
14-Jan-17	20	2,168.80	2,194.96	44.42	44.32	0.00	0.10	39.60	39.58	0.00	0.02		
14-Jan-17	21	2,070.00	2,118.32	40.67	40.60	0.00	0.07	38.71	38.69	0.00	0.02		
14-Jan-17	22	1,982.60	2,027.46	38.54	38.48	0.00	0.06	38.50	38.45	0.00	0.05		
14-Jan-17	23	1,859.70	1,923.42	33.17	33.07	0.01	0.09	31.73	31.64	0.00	0.09		
14-Jan-17	24	1,696.50	1,812.68	34.91	34.72	0.02	0.17	32.84	32.71	0.00	0.13		
15-Jan-17	01	1,754.30	1,698.02	30.11	29.88	0.05	0.18	25.09	24.95	0.00	0.14		
15-Jan-17	02	1,937.10	1,636.77	24.96	24.76	0.04	0.16	16.34	16.22	0.00	0.12		
15-Jan-17	03	2,269.90	1,601.16	24.91	24.68	0.05	0.18	29.48	29.24	0.00	0.24		
15-Jan-17	04	2,321.70	1,592.61	20.05	19.87	0.04	0.14	5.09	5.05	0.00	0.04		
15-Jan-17	05	2,264.20	1,603.63	24.93	24.70	0.06	0.17	17.28	17.14	0.00	0.14		
15-Jan-17	06	2,113.60	1,637.29	28.10	27.85	0.06	0.19	25.91	25.71	0.00	0.20		
15-Jan-17	07	1,925.20	1,711.89	28.01	27.85	0.01	0.15	7.14	7.07	0.01	0.06		
15-Jan-17	08	1,746.50	1,779.88	27.92	27.79	0.00	0.13	8.83	8.77	0.02	0.04		
15-Jan-17	09	1,835.40	1,847.20	30.64	30.54	0.00	0.10	25.51	25.38	0.03	0.10		
15-Jan-17	10	1,888.80	1,862.29	35.06	34.95	0.00	0.11	21.35	21.24	0.05	0.06		
15-Jan-17	11	1,901.50	1,853.47	35.15	35.05	0.00	0.10	25.27	25.22	0.00	0.05		
15-Jan-17	12	1,900.70	1,836.48	35.23	35.14	0.00	0.09	30.55	30.51	0.00	0.04		
15-Jan-17	13	1,898.80	1,818.54	33.73	33.61	0.00	0.12	30.39	30.31	0.00	0.08		
15-Jan-17	14	1,883.90	1,807.11	31.18	31.06	0.00	0.12	28.45	28.36	0.00	0.09		
15-Jan-17	15	1,891.40	1,826.22	30.93	30.80	0.00	0.13	18.93	18.86	0.00	0.07		
15-Jan-17	16	1,922.80	1,896.57	35.04	34.90	0.00	0.14	33.63	33.52	0.00	0.11		
15-Jan-17	17	2,064.10	2,042.76	44.00	43.89	0.00	0.11	35.58	35.48	0.00	0.10		
15-Jan-17	18	2,254.00	2,211.72	44.60	44.47	0.00	0.13	47.06	46.97	0.00	0.09		
15-Jan-17	19	2,212.80	2,209.20	41.38	41.31	0.00	0.07	46.34	46.30	0.00	0.04		
15-Jan-17	20	2,165.00	2,151.19	44.70	44.62	0.00	0.08	42.18	42.12	0.00	0.06		
15-Jan-17	21	2,057.10	2,107.28	43.74	43.65	0.00	0.09	39.72	39.63	0.00	0.09		
15-Jan-17	22	1,946.70	2,024.37	41.55	41.46	0.00	0.09	41.44	41.37	0.00	0.07		
15-Jan-17	23	1,809.40	1,905.62	33.73	33.62	0.00	0.11	37.58	37.50	0.00	0.08		
15-Jan-17	24	1,665.80	1,789.42	30.61	30.44	0.00	0.17	42.70	42.55	0.00	0.15		
16-Jan-17	01	1,802.10	1,714.41	41.19	40.89	0.00	0.30	37.65	37.50	0.00	0.15		
16-Jan-17	02	1,997.60	1,670.24	40.41	40.11	0.00	0.30	34.12	33.96	0.00	0.16		
16-Jan-17	03	2,238.50	1,661.78	41.22	40.90	0.01	0.31	35.10	34.94	0.00	0.16		
16-Jan-17	04	2,241.70	1,668.96	40.58	40.27	0.01	0.30	38.38	38.22	0.00	0.16		
16-Jan-17	05	2,048.90	1,717.73	39.55	39.27	0.01	0.27	46.92	46.74	0.00	0.18		
16-Jan-17	06	1,907.90	1,840.27	41.62	41.43	0.00	0.19	50.74	50.61	0.00	0.13		
16-Jan-17	07	2,130.60	2,025.48	43.60	43.42	0.00	0.18	43.76	43.66	0.00	0.10		
16-Jan-17	08	2,269.00	2,156.97	45.21	45.04	0.00	0.17	41.83	41.74	0.00	0.09		
16-Jan-17	09	2,287.60	2,205.32	45.71	45.54	0.00	0.17	44.21	44.11	0.00	0.10		
16-Jan-17	10	2,299.10	2,186.39	45.76	45.59	0.00	0.17	40.70	40.62	0.00	0.08		
16-Jan-17	11	2,296.00	2,160.21	46.94	46.76	0.00	0.18	35.07	35.00	0.00	0.07		
16-Jan-17	12	2,282.70	2,123.35	46.32	46.09	0.02	0.21	32.22	32.15	0.00	0.07		
16-Jan-17	13	2,246.40	2,082.58	43.54	43.29	0.02	0.23	27.27	27.19	0.00	0.08		
16-Jan-17	14	2,243.40	2,073.44	43.56	43.27	0.02	0.27	28.69	28.58	0.00	0.11		
16-Jan-17	15	2,217.40	2,080.32	43.28	42.97	0.03	0.28	31.03	30.87	0.00	0.16		
16-Jan-17	16	2,249.90	2,120.42	41.67	41.43	0.01	0.23	29.56	29.41	0.00	0.15		
16-Jan-17	17	2,381.80	2,261.11	48.35	52.65	-4.55	0.25	32.45	32.28	0.00	0.17		
16-Jan-17	18	2,551.60	2,422.50	61.99	61.68	0.00	0.31	34.81	34.65	0.00	0.16		
16-Jan-17	19	2,517.10	2,399.10	57.65	57.40	0.00	0.25	37.88	37.68	0.00	0.20		
16-Jan-17	20	2,468.20	2,321.46	46.82	46.60	0.00	0.22	36.47	36.20	0.03	0.24		
16-Jan-17	21	2,334.90	2,231.22	47.16	47.37	-0.49	0.28	33.24	32.96	0.04	0.24		
16-Jan-17	22	2,202.00	2,093.01	44.20	43.96	0.01	0.23	31.72	31.49	0.03	0.20		
16-Jan-17	23	2,028.50	1,918.24	37.44	37.21	0.02	0.21	23.17	23.02	0.00	0.15		
16-Jan-17	24	1,832.10	1,761.05	37.72	37.50	0.03	0.19	17.70	17.57	0.00	0.13		
17-Jan-17	01	2,929.60	1,667.36	32.30	31.96	0.00	0.34	32.55	32.22	0.00	0.33		
17-Jan-17	02	2,873.00	1,617.67	28.36	28.07	0.00	0.29	30.48	30.15	0.00	0.33		
17-Jan-17	03	2,852.30	1,600.88	23.87	23.63	0.00	0.24	19.94	19.72	0.00	0.22		
17-Jan-17	04	2,845.70	1,605.76	22.78	22.54	0.00	0.24	29.26	28.94	0.00	0.32		
17-Jan-17	05	2,890.70	1,659.11	30.54	30.23	0.00	0.31	32.26	31.92	0.00	0.34		
17-Jan-17	06	2,244.70	1,813.53	35.33	35.08	0.00	0.25	29.82	29.55	0.00	0.27		
17-Jan-17	07	1,985.70	2,081.68	43.97	43.76	0.00	0.21	38.61	38.38	0.00	0.23		
17-Jan-17	08	2,127.80	2,208.96	41.38	41.19	0.00	0.19	44.40	44.17	0.00	0.23		
17-Jan-17	09	2,136.60	2,201.05	44.62	44.46	0.00	0.16	42.86	42.72	0.00	0.14		
17-Jan-17	10	2,194.10	2,161.81	43.98	43.84	0.00	0.14	38.82	38.67	0.00	0.15		
17-Jan-17	11	2,212.00	2,136.92	43.56	43.35	0.00	0.21	35.40	35.22	0.00	0.18		
17-Jan-17	12	2,206.40	2,110.39	42.00	41.77	0.00	0.23	35.90	35.69	0.00	0.21		
17-Jan-17	13	2,143.30	2,078.32	40.23	40.00	0.00	0.23	35.72	35.50	0.00	0.22		
17-Jan-17	14	2,118.50	2,112.91	40.59	40.36	0.00	0.23	43.18	42.91	0.00	0.27		
17-Jan-17	15	2,103.70	2,148.96	37.82	37.63	0.00	0.19	62.01	61.66	0.00	0.35		
17-Jan-17	16	2,117.50	2,176.46	36.48	36.34	0.00	0.14	38.19	38.00	0.00	0.19		
17-Jan-17	17	2,248.30	2,281.17	44.08	43.94	0.00	0.14	56.92	56.68	0.00	0.24		
17-Jan-17	18	2,417.40	2,403.56	67.58	67.37	0.00	0.21	73.45	74.31	-1.11	0.25		
17-Jan-17	19	2,343.00	2,385.73	51.82	51.75	0.00	0.07	46.93	46.69	0.07	0.17		
17-Jan-17	20	2,291.00	2,315.85	44.73	44.57	0.00	0.16	47.02	46.70	0.09	0.23		
17-Jan-17	21	2,171.90	2,221.38	39.65	39.54	0.00	0.11	38.61	38.31	0.08	0.22		
17-Jan-17	22	2,047.60	2,080.54	35.13	34.97	0.00	0.16	33.41	33.16	0.07	0.18		
17-Jan-17	23	1,866.50	1,905.90	29.49	29.34	0.00	0.15	31.72	31.48	0.06	0.18		
17-Jan-17	24	2,314.10	1,754.67	33.88	33.72	0.00	0.16	31.45	31.19	0.05	0.21		
18-Jan-17	01	2,367.50	1,662.45	19.95	19.77	0.00	0.18	23.39	23.18	0.03	0.18		
18-Jan-17	02	2,316.70	1,601.33	14.49	14.38	0.00	0.11	25.09	24.86	0.01	0.22		
18-Jan-17	03	2,292.10	1,577.23	14.52	14.42	0.00	0.10	27.08	26.83	0.05	0.20		
18-Jan-17	04	2,280.10	1,578.48	14.36	14.27	0.00	0.09	20.97	20.80	0.01	0.16		
18-Jan-17	05	2,084.00	1,620.09	14.57	14.47	0.00	0.10	18.70	18.57	0.00	0.13		
18-Jan-17	06	1,939.00	1,762.19	27.09	26.95	0.00	0.14	26.09	25.96	0.01	0.12		
18-Jan-17	07	1,927.30	1,984.34	35.47	35.32	0.00	0.15	32.01	31.90	0.00	0.11		
18-Jan-17	08	2,080.00	2,135.92	34.87	34.73	0.00	0.14	34.23	34.09	0.00	0.14		
18-Jan-17	09	2,095.50	2,187.61	34.72	34.59	0.00	0.13	30.59	30.44	0.00	0.15		
18-Jan-17	10	2,127.50	2,208.82	34.71	34.56	0.00	0.15	30.34	30.18	0.00	0.16		
18-Jan-17	11	2,169.70	2,229.25	34.01	33.85	0.00	0.16	28.53	28.38	0.00	0.15		
18-Jan-17	12	2,163.90	2,238.70	33.50	33.35	0.00	0.15	28.42	28.32	0.00	0.10		
18-Jan-17	13	2,127.60	2,235.46	32.25	32.08	0.00	0.17	28.55	28.46	0.00	0.09		
18-Jan-17	14	2,084.60	2,227.92	31.46	31.29	0.00	0.17	33.09	32.99	0.00	0.10		
18-Jan-17	15	2,084.50	2,210.97	30.89	30.74	0.00	0.15	33.05	32.96	0.00	0.09		
18-Jan-17	16	2,112.60	2,218.59	30.21	30.07	0.00	0.14	29.72	29.63	0.00	0.09		
18-Jan-17	17	2,254.70	2,302.98	33.65	33.52	0.00	0.13	36.48	36.38	0.00	0.10		
18-Jan-17	18	2,408.60	2,407.95	47.22	47.10	0.00	0.12	45.71	45.64	0.00	0.07		
18-Jan-17	19	2,328.10	2,384.92	38.63	38.56	0.00	0.07	34.29	34.26	0.00	0.03		
18-Jan-17	20	2,278.40	2,315.31	30.28	30.21	0.00	0.07	35.47	35.43	0.00	0.04		
18-Jan-17	21	2,146.40	2,229.69	29.95	29.90	0.00	0.05	28.53	28.47	0.00	0.06		
18-Jan-17	22	2,034.60	2,087.97	29.49	29.40	0.00	0.09	38.11	38.01	0.00	0.10		
18-Jan-17	23	1,840.50	1,913.08	26.39	26.24	0.00	0.15	34.88	34.78	0.00	0.10		
18-Jan-17	24	1,666.30	1,761.00	19.46	19.39	0.00	0.07	24.08	24.00	0.00	0.08		
19-Jan-17	01	1,854.60	1,662.03	29.68	29.44	0.00	0.24	29.02	28.90	0.00	0.12		
19-Jan-17	02	2,047.10	1,609.37	27.13	26.89	0.00	0.24	26.61	26.45	0.00	0.16		
19-Jan-17	03	2,252.50	1,580.11	26.32	26.08	0.00	0.24	29.80	29.60	0.00	0.20		
19-Jan-17	04	2,234.40	1,580.47	26.30	26.08	0.00	0.22	30.54	30.32	0.00	0.22		
19-Jan-17	05	2,046.80	1,625.36	26.52	26.33	0.00	0.19	31.57	31.34	0.00	0.23		
19-Jan-17	06	1,690.30	1,773.30	29.83	29.69	0.00	0.14	30.39	30.22	0.00	0.17		
19-Jan-17	07	1,937.00	2,025.37	31.93	31.81	0.00	0.12	34.66	34.51	0.00	0.15		
19-Jan-17	08	2,094.80	2,146.57	34.09	33.88	0.00	0.21	37.08	36.91	0.00	0.17		
19-Jan-17	09	2,079.50	2,132.63	32.67	32.50	0.00	0.17	36.27	36.09	0.00	0.18		
19-Jan-17	10	2,066.50	2,089.91	31.46	31.35	0.00	0.11	31.02	30.88	0.00	0.14		
19-Jan-17	11	2,050.10	2,051.42	32.48	32.33	0.00	0.15	29.63	29.51	0.01	0.11		
19-Jan-17	12	2,044.60	2,012.89	29.63	29.50	0.00	0.13	25.61	25.43	0.08	0.10		
19-Jan-17	13	2,024.00	1,995.59	28.14	28.03	0.00	0.11	26.18	26.08	0.00	0.10		
19-Jan-17	14	2,015.80	2,021.51	26.34	26.22	0.00	0.12	26.29	26.18	0.00	0.11		
19-Jan-17	15	2,021.20	2,049.33	26.33	26.22	0.00	0.11	26.34	26.20	0.00	0.14		
19-Jan-17	16	2,040.20	2,084.70	26.35	26.25	0.00	0.10	28.36	28.22	0.00	0.14		
19-Jan-17	17	2,163.30	2,184.81	36.65	36.48	0.00	0.17	31.70	31.55	0.00	0.15		
19-Jan-17	18	2,320.90	2,298.04	50.77	50.58	0.00	0.19	36.72	36.58	0.00	0.14		
19-Jan-17	19	2,276.60	2,282.70	47.41	47.24	0.00	0.17	34.17	34.05	0.00	0.12		
19-Jan-17	20	2,231.80	2,224.88	43.67	43.48	0.00	0.19	30.58	30.45	0.00	0.13		
19-Jan-17	21	2,129.80	2,145.89	32.19	32.03	0.00	0.16	31.57	31.42	0.00	0.15		
19-Jan-17	22	2,010.60	2,020.14	30.31	30.18	0.00	0.13	25.58	25.46	0.00	0.12		
19-Jan-17	23	1,816.70	1,853.39	28.45	28.24	0.00	0.21	27.31	27.17	0.00	0.14		
19-Jan-17	24	1,643.90	1,716.23	25.57	25.47	0.00	0.10	21.32	21.21	0.00	0.11		
20-Jan-17	01	1,881.30	1,622.06	26.90	26.70	0.00	0.20	13.24	13.16	0.00	0.08		
20-Jan-17	02	2,072.60	1,573.02	26.35	26.14	0.00	0.21	17.39	17.27	0.00	0.12		
20-Jan-17	03	2,300.90	1,552.15	26.28	26.05	0.00	0.23	22.80	22.63	0.00	0.17		
20-Jan-17	04	2,290.30	1,553.14	26.28	26.06	0.00	0.22	24.08	23.91	0.00	0.17		
20-Jan-17	05	2,096.40	1,600.52	27.36	27.15	0.00	0.21	22.69	22.54	0.00	0.15		
20-Jan-17	06	1,764.00	1,737.81	29.75	29.57	0.00	0.18	21.10	20.99	0.00	0.11		
20-Jan-17	07	2,005.50	1,985.86	38.59	38.34	0.00	0.25	29.49	29.38	0.00	0.11		
20-Jan-17	08	2,165.10	2,115.53	36.81	36.50	0.00	0.31	32.01	31.88	0.00	0.13		
20-Jan-17	09	2,099.70	2,140.42	35.28	34.99	0.00	0.29	31.62	31.47	0.00	0.15		
20-Jan-17	10	2,076.60	2,144.12	34.86	34.60	0.00	0.26	29.98	29.84	0.00	0.14		
20-Jan-17	11	2,041.90	2,142.51	30.95	30.76	0.00	0.19	30.00	29.86	0.00	0.14		
20-Jan-17	12	2,026.90	2,126.19	30.97	30.78	0.00	0.19	28.24	28.13	0.00	0.11		
20-Jan-17	13	1,995.20	2,106.46	28.39	28.21	0.00	0.18	28.05	27.95	0.00	0.10		
20-Jan-17	14	1,998.80	2,123.20	29.39	29.18	0.00	0.21	28.51	28.40	0.00	0.11		
20-Jan-17	15	2,005.00	2,108.12	28.96	28.76	0.00	0.20	27.83	27.72	0.00	0.11		
20-Jan-17	16	2,027.50	2,104.54	27.95	27.79	0.00	0.16	28.04	27.93	0.00	0.11		
20-Jan-17	17	2,151.10	2,170.37	29.85	29.64	0.00	0.21	27.13	27.03	0.00	0.10		
20-Jan-17	18	2,306.90	2,261.67	45.97	45.70	0.00	0.27	30.44	30.32	0.00	0.12		
20-Jan-17	19	2,246.20	2,220.49	38.74	38.48	0.00	0.26	28.64	28.51	0.00	0.13		
20-Jan-17	20	2,211.90	2,160.82	31.80	31.56	0.00	0.24	27.41	27.28	0.00	0.13		
20-Jan-17	21	2,086.90	2,084.69	32.06	31.84	0.00	0.22	27.63	27.50	0.00	0.13		
20-Jan-17	22	1,972.70	1,977.42	30.92	30.76	0.00	0.16	27.24	27.14	0.00	0.10		
20-Jan-17	23	1,804.00	1,840.71	26.41	26.23	0.00	0.18	32.58	32.46	0.00	0.12		
20-Jan-17	24	1,643.10	1,705.62	23.40	23.31	0.00	0.09	30.18	30.05	0.00	0.13		
21-Jan-17	01	1,772.30	1,608.27	26.62	26.42	0.00	0.20	29.52	29.35	0.00	0.17		
21-Jan-17	02	1,958.60	1,548.34	24.67	24.49	0.00	0.18	25.93	25.76	0.00	0.17		
21-Jan-17	03	2,173.30	1,504.95	24.58	24.36	0.00	0.22	25.73	25.55	0.00	0.18		
21-Jan-17	04	1,974.10	1,490.62	24.46	24.24	0.00	0.22	25.68	25.48	0.00	0.20		
21-Jan-17	05	2,206.40	1,504.36	24.03	23.83	0.00	0.20	25.37	25.18	0.00	0.19		
21-Jan-17	06	2,005.80	1,560.95	24.52	24.33	0.00	0.19	24.99	24.80	0.00	0.19		
21-Jan-17	07	1,854.80	1,650.44	24.51	24.34	0.00	0.17	24.84	24.68	0.00	0.16		
21-Jan-17	08	1,665.90	1,744.43	25.52	25.32	0.00	0.20	26.09	25.94	0.00	0.15		
21-Jan-17	09	1,776.30	1,842.84	28.76	28.54	0.00	0.22	29.53	29.38	0.00	0.15		
21-Jan-17	10	1,846.70	1,906.75	30.01	29.81	0.00	0.20	32.33	32.21	0.00	0.12		
21-Jan-17	11	1,915.10	1,915.55	29.95	29.78	0.00	0.17	26.61	26.54	0.00	0.07		
21-Jan-17	12	1,879.80	1,846.51	31.48	31.27	0.00	0.21	25.07	25.01	0.00	0.06		
21-Jan-17	13	1,853.00	1,760.78	28.86	28.66	0.00	0.20	24.53	24.51	0.00	0.02		
21-Jan-17	14	1,821.20	1,735.97	25.40	25.24	0.00	0.16	23.13	23.10	0.00	0.03		
21-Jan-17	15	1,814.50	1,731.99	25.02	24.86	0.00	0.16	22.43	22.40	0.00	0.03		
21-Jan-17	16	1,830.30	1,772.88	25.44	25.27	0.00	0.17	22.77	22.75	0.00	0.02		
21-Jan-17	17	1,978.50	1,862.03	31.02	30.80	0.00	0.22	26.15	26.12	0.00	0.03		
21-Jan-17	18	2,078.20	2,006.45	45.60	45.38	0.00	0.22	37.69	37.64	0.00	0.05		
21-Jan-17	19	1,993.70	1,999.81	34.07	33.94	0.00	0.13	26.85	26.81	0.00	0.04		
21-Jan-17	20	1,933.80	1,940.92	29.75	29.62	0.00	0.13	25.84	25.80	0.00	0.04		
21-Jan-17	21	1,842.40	1,879.56	25.40	25.27	0.00	0.13	25.14	25.08	0.00	0.06		
21-Jan-17	22	1,747.00	1,799.55	28.26	28.17	0.00	0.09	23.70	23.63	0.00	0.07		
21-Jan-17	23	1,634.20	1,695.72	26.30	26.15	0.00	0.15	25.54	25.46	0.00	0.08		
21-Jan-17	24	1,479.90	1,582.06	24.30	24.15	0.00	0.15	25.78	25.68	0.00	0.10		
22-Jan-17	01	1,587.00	1,491.14	23.91	23.73	0.00	0.18	24.17	24.03	0.00	0.14		
22-Jan-17	02	1,787.60	1,436.17	20.92	20.76	0.00	0.16	23.67	23.50	0.00	0.17		
22-Jan-17	03	2,228.50	1,411.53	20.78	20.60	0.00	0.18	22.08	21.92	0.00	0.16		
22-Jan-17	04	2,264.00	1,389.82	21.10	20.91	0.00	0.19	24.11	23.90	0.00	0.21		
22-Jan-17	05	2,320.30	1,398.87	20.81	20.62	0.00	0.19	24.21	23.98	0.00	0.23		
22-Jan-17	06	2,172.80	1,440.38	20.96	20.77	0.00	0.19	23.84	23.63	0.00	0.21		
22-Jan-17	07	1,901.30	1,508.54	23.06	22.89	0.00	0.17	23.78	23.57	0.00	0.21		
22-Jan-17	08	1,868.00	1,583.73	24.27	24.04	0.00	0.23	24.06	23.86	0.00	0.20		
22-Jan-17	09	1,727.50	1,696.43	27.74	27.51	0.00	0.23	25.55	25.35	0.00	0.20		
22-Jan-17	10	1,716.40	1,794.48	28.15	27.91	0.00	0.24	26.31	26.13	0.00	0.18		
22-Jan-17	11	1,814.80	1,839.84	28.29	28.09	0.00	0.20	25.60	25.46	0.00	0.14		
22-Jan-17	12	1,808.80	1,869.34	30.61	30.40	0.00	0.21	30.04	29.89	0.00	0.15		
22-Jan-17	13	1,804.40	1,911.47	31.29	31.06	0.00	0.23	41.58	41.39	0.00	0.19		
22-Jan-17	14	1,812.90	1,916.52	28.46	28.26	0.00	0.20	29.23	29.11	0.00	0.12		
22-Jan-17	15	1,811.80	1,934.76	28.16	27.95	0.00	0.21	28.21	28.10	0.00	0.11		
22-Jan-17	16	1,860.90	1,974.16	28.03	27.83	0.00	0.20	36.17	36.05	0.00	0.12		
22-Jan-17	17	1,953.90	2,079.26	33.96	33.76	0.00	0.20	34.25	34.15	0.00	0.10		
22-Jan-17	18	2,071.40	2,169.26	47.51	47.27	0.00	0.24	45.78	45.68	0.00	0.10		
22-Jan-17	19	1,956.40	2,140.04	47.83	47.51	0.00	0.32	43.61	43.48	0.00	0.13		
22-Jan-17	20	1,908.30	2,044.52	39.46	39.19	0.00	0.27	26.13	26.02	0.00	0.11		
22-Jan-17	21	1,892.20	1,971.01	34.14	33.90	0.00	0.24	26.01	25.88	0.00	0.13		
22-Jan-17	22	1,791.20	1,865.54	29.52	29.38	0.00	0.14	24.45	24.33	0.00	0.12		
22-Jan-17	23	1,634.50	1,746.46	28.56	28.35	0.00	0.21	26.69	26.55	0.00	0.14		
22-Jan-17	24	1,546.50	1,610.96	24.68	24.51	0.00	0.17	23.06	22.93	0.00	0.13		
23-Jan-17	01	1,937.20	1,523.60	26.09	25.87	0.00	0.22	23.96	23.81	0.00	0.15		
23-Jan-17	02	2,389.40	1,467.35	25.69	25.44	0.00	0.25	31.53	31.26	0.00	0.27		
23-Jan-17	03	2,492.20	1,450.09	24.49	24.24	0.00	0.25	29.12	28.86	0.00	0.26		
23-Jan-17	04	2,497.60	1,458.26	24.50	24.25	0.00	0.25	26.73	26.50	0.00	0.23		
23-Jan-17	05	2,473.00	1,519.20	25.66	25.41	0.00	0.25	26.77	26.55	0.00	0.22		
23-Jan-17	06	1,940.60	1,685.43	26.17	25.98	0.00	0.19	24.78	24.60	0.00	0.18		
23-Jan-17	07	1,897.80	1,953.12	29.76	29.54	0.00	0.22	27.94	27.78	0.00	0.16		
23-Jan-17	08	2,067.20	2,108.22	30.52	30.30	0.00	0.22	33.20	33.03	0.00	0.17		
23-Jan-17	09	2,110.40	2,143.60	31.31	31.10	0.00	0.21	26.83	26.69	0.00	0.14		
23-Jan-17	10	2,186.40	2,168.34	35.13	34.86	0.00	0.27	27.65	27.53	0.00	0.12		
23-Jan-17	11	2,218.30	2,188.10	35.21	34.88	0.00	0.33	27.76	27.62	0.00	0.14		
23-Jan-17	12	2,209.00	2,201.55	34.91	34.45	0.09	0.37	28.94	28.77	0.00	0.17		
23-Jan-17	13	2,187.40	2,201.72	34.25	33.52	0.36	0.37	27.90	27.73	0.00	0.17		
23-Jan-17	14	2,172.90	2,217.16	33.67	32.88	0.45	0.34	28.99	28.83	0.00	0.16		
23-Jan-17	15	2,141.80	2,204.53	30.73	30.27	0.14	0.32	29.07	28.94	0.00	0.13		
23-Jan-17	16	2,164.10	2,221.26	31.63	31.33	0.00	0.30	29.11	29.01	0.00	0.10		
23-Jan-17	17	2,308.80	2,319.53	38.29	37.95	0.00	0.34	38.98	38.80	0.00	0.18		
23-Jan-17	18	2,459.00	2,437.16	58.43	57.98	0.00	0.45	37.64	37.46	0.00	0.18		
23-Jan-17	19	2,384.60	2,418.84	51.49	51.10	0.00	0.39	35.44	35.25	0.00	0.19		
23-Jan-17	20	2,300.30	2,342.38	34.43	34.14	0.00	0.29	33.60	33.39	0.00	0.21		
23-Jan-17	21	2,174.80	2,252.18	30.60	30.36	0.00	0.24	28.78	28.59	0.00	0.19		
23-Jan-17	22	2,043.60	2,109.86	29.45	29.21	0.05	0.19	28.16	27.96	0.00	0.20		
23-Jan-17	23	1,871.50	1,941.61	28.94	28.64	0.06	0.24	28.97	28.75	0.00	0.22		
23-Jan-17	24	1,685.20	1,789.64	24.86	24.67	0.05	0.14	23.51	23.33	0.00	0.18		
24-Jan-17	01	1,850.30	1,701.90	25.50	25.29	0.00	0.21	25.96	25.75	0.00	0.21		
24-Jan-17	02	2,058.60	1,645.06	22.16	21.97	0.00	0.19	25.09	24.86	0.00	0.23		
24-Jan-17	03	2,200.80	1,621.51	21.93	21.72	0.00	0.21	25.79	25.54	0.00	0.25		
24-Jan-17	04	2,289.20	1,621.26	21.44	21.23	0.00	0.21	25.50	25.24	0.00	0.26		
24-Jan-17	05	2,060.40	1,658.89	22.97	22.77	0.00	0.20	26.70	26.43	0.00	0.27		
24-Jan-17	06	1,857.60	1,791.11	26.18	26.01	0.00	0.17	26.80	26.55	0.00	0.25		
24-Jan-17	07	1,957.40	1,976.73	33.29	33.05	0.00	0.24	24.45	24.27	0.00	0.18		
24-Jan-17	08	2,109.10	2,108.96	34.70	34.40	0.00	0.30	27.51	27.29	0.00	0.22		
24-Jan-17	09	2,101.30	2,192.85	35.11	34.84	0.00	0.27	29.59	29.32	0.00	0.27		
24-Jan-17	10	2,129.30	2,242.66	39.51	39.20	0.00	0.31	28.52	28.26	0.00	0.26		
24-Jan-17	11	2,152.20	2,281.93	38.06	37.68	0.00	0.38	28.44	28.14	0.00	0.30		
24-Jan-17	12	2,163.30	2,299.63	34.44	34.07	0.00	0.37	28.80	28.50	0.00	0.30		
24-Jan-17	13	2,147.30	2,302.28	31.29	30.97	0.00	0.32	27.94	27.65	0.00	0.29		
24-Jan-17	14	2,128.30	2,296.44	30.18	29.88	0.00	0.30	28.25	27.97	0.00	0.28		
24-Jan-17	15	2,130.30	2,274.72	30.12	29.80	0.00	0.32	27.50	27.25	0.00	0.25		
24-Jan-17	16	2,149.40	2,274.50	30.07	29.78	0.00	0.29	27.80	27.57	0.00	0.23		
24-Jan-17	17	2,264.20	2,342.17	41.10	40.69	0.00	0.41	28.70	28.46	0.00	0.24		
24-Jan-17	18	2,360.90	2,440.17	51.07	50.63	0.00	0.44	30.43	30.18	0.00	0.25		
24-Jan-17	19	2,322.90	2,412.61	49.74	49.27	0.00	0.47	29.49	29.23	0.00	0.26		
24-Jan-17	20	2,267.20	2,338.66	39.86	39.44	0.00	0.42	29.57	29.29	0.00	0.28		
24-Jan-17	21	2,130.20	2,235.88	29.71	29.43	0.00	0.28	27.11	26.85	0.00	0.26		
24-Jan-17	22	2,006.70	2,095.55	29.83	29.55	0.00	0.28	25.39	25.15	0.00	0.24		
24-Jan-17	23	1,948.50	1,919.39	26.19	25.97	0.00	0.22	25.84	25.60	0.00	0.24		
24-Jan-17	24	1,766.80	1,765.37	26.15	25.99	0.00	0.16	25.50	25.29	0.00	0.21		
25-Jan-17	01	1,822.70	1,664.38	30.27	29.99	0.00	0.28	44.93	44.59	0.00	0.34		
25-Jan-17	02	2,008.90	1,619.10	28.68	28.38	0.00	0.30	63.77	63.26	0.00	0.51		
25-Jan-17	03	2,236.00	1,592.01	27.16	26.87	0.00	0.29	35.76	35.44	0.00	0.32		
25-Jan-17	04	2,214.70	1,593.14	28.16	27.86	0.00	0.30	29.76	29.49	0.00	0.27		
25-Jan-17	05	2,013.90	1,642.24	26.57	26.32	0.00	0.25	28.28	28.04	0.00	0.24		
25-Jan-17	06	1,635.60	1,790.57	28.54	28.34	0.00	0.20	51.54	51.16	0.00	0.38		
25-Jan-17	07	1,902.70	2,046.17	34.62	34.31	0.00	0.31	41.59	41.34	0.00	0.25		
25-Jan-17	08	2,045.60	2,167.41	33.51	33.24	0.00	0.27	48.07	47.81	0.00	0.26		
25-Jan-17	09	2,011.50	2,170.24	30.54	30.30	0.00	0.24	40.21	39.98	0.00	0.23		
25-Jan-17	10	1,991.50	2,148.26	29.57	29.37	0.00	0.20	27.70	27.55	0.00	0.15		
25-Jan-17	11	1,980.70	2,124.84	27.82	27.64	0.00	0.18	26.86	26.72	0.00	0.14		
25-Jan-17	12	1,977.70	2,065.18	27.66	27.46	0.00	0.20	26.67	26.55	0.00	0.12		
25-Jan-17	13	1,952.20	2,027.54	26.34	26.17	0.00	0.17	26.25	26.15	0.00	0.10		
25-Jan-17	14	1,956.20	2,028.01	25.90	25.73	0.00	0.17	26.08	25.97	0.00	0.11		
25-Jan-17	15	1,958.70	2,059.57	26.20	26.01	0.00	0.19	26.74	26.61	0.00	0.13		
25-Jan-17	16	2,001.60	2,095.86	26.42	26.23	0.00	0.19	37.72	37.50	0.00	0.22		
25-Jan-17	17	2,113.80	2,178.99	28.35	28.15	0.00	0.20	36.07	35.86	0.00	0.21		
25-Jan-17	18	2,240.80	2,333.04	42.84	42.54	0.00	0.30	43.96	43.73	0.00	0.23		
25-Jan-17	19	2,227.80	2,336.04	40.13	39.84	0.00	0.29	40.32	40.14	0.00	0.18		
25-Jan-17	20	2,192.90	2,272.88	31.47	31.23	0.00	0.24	46.38	46.16	0.00	0.22		
25-Jan-17	21	2,058.60	2,194.31	28.93	28.73	0.00	0.20	73.80	73.40	0.00	0.40		
25-Jan-17	22	1,935.00	2,059.59	27.51	27.33	0.00	0.18	42.11	41.88	0.00	0.23		
25-Jan-17	23	1,746.70	1,885.13	25.23	25.07	0.00	0.16	26.84	26.70	0.00	0.14		
